-- phpMyAdmin SQL Dump
-- version 5.2.1
-- https://www.phpmyadmin.net/
--
-- Servidor: 127.0.0.1
-- Tiempo de generación: 31-05-2026 a las 23:23:13
-- Versión del servidor: 10.4.32-MariaDB
-- Versión de PHP: 8.2.12

SET SQL_MODE = "NO_AUTO_VALUE_ON_ZERO";
START TRANSACTION;
SET time_zone = "+00:00";


/*!40101 SET @OLD_CHARACTER_SET_CLIENT=@@CHARACTER_SET_CLIENT */;
/*!40101 SET @OLD_CHARACTER_SET_RESULTS=@@CHARACTER_SET_RESULTS */;
/*!40101 SET @OLD_COLLATION_CONNECTION=@@COLLATION_CONNECTION */;
/*!40101 SET NAMES utf8mb4 */;

--
-- Base de datos: `calidad_precio`
--
CREATE DATABASE IF NOT EXISTS `calidad_precio` DEFAULT CHARACTER SET utf8mb4 COLLATE utf8mb4_general_ci;
USE `calidad_precio`;

-- --------------------------------------------------------

--
-- Estructura de tabla para la tabla `categorias`
--

CREATE TABLE `categorias` (
  `id_categoria` int(11) NOT NULL,
  `nombre_categoria` varchar(100) NOT NULL
) ENGINE=InnoDB DEFAULT CHARSET=utf8mb4 COLLATE=utf8mb4_general_ci;

--
-- Volcado de datos para la tabla `categorias`
--

INSERT INTO `categorias` (`id_categoria`, `nombre_categoria`) VALUES
(1, 'Móviles'),
(2, 'Portátiles'),
(5, 'Componentes'),
(6, 'Monitores'),
(7, 'Periféricos');

-- --------------------------------------------------------

--
-- Estructura de tabla para la tabla `favoritos`
--

CREATE TABLE `favoritos` (
  `id_usuario` int(11) NOT NULL,
  `id_producto` int(11) NOT NULL,
  `fecha_guardado` datetime DEFAULT curdate()
) ENGINE=InnoDB DEFAULT CHARSET=utf8mb4 COLLATE=utf8mb4_general_ci;

--
-- Volcado de datos para la tabla `favoritos`
--

INSERT INTO `favoritos` (`id_usuario`, `id_producto`, `fecha_guardado`) VALUES
(9, 33, '2026-05-31 00:00:00');

-- --------------------------------------------------------

--
-- Estructura de tabla para la tabla `marcas`
--

CREATE TABLE `marcas` (
  `id_marca` int(11) NOT NULL,
  `nombre_marca` varchar(100) NOT NULL
) ENGINE=InnoDB DEFAULT CHARSET=utf8mb4 COLLATE=utf8mb4_general_ci;

--
-- Volcado de datos para la tabla `marcas`
--

INSERT INTO `marcas` (`id_marca`, `nombre_marca`) VALUES
(1, 'Samsung'),
(2, 'Apple'),
(3, 'Xiaomi'),
(4, 'Asus'),
(5, 'HP'),
(6, 'NVIDIA'),
(7, 'AMD'),
(8, 'Intel'),
(9, 'LG'),
(10, 'MSI'),
(11, 'Gigabyte'),
(12, 'Logitech'),
(13, 'Razer'),
(14, 'Corsair');

-- --------------------------------------------------------

--
-- Estructura de tabla para la tabla `productos`
--

CREATE TABLE `productos` (
  `id_producto` int(11) NOT NULL,
  `nombre_producto` varchar(150) NOT NULL,
  `descripcion` text DEFAULT NULL,
  `url_compra` varchar(255) NOT NULL,
  `precio` decimal(10,2) NOT NULL,
  `id_categoria` int(11) DEFAULT NULL,
  `id_marca` int(11) DEFAULT NULL,
  `etiqueta` varchar(30) DEFAULT NULL
) ENGINE=InnoDB DEFAULT CHARSET=utf8mb4 COLLATE=utf8mb4_general_ci;

--
-- Volcado de datos para la tabla `productos`
--

INSERT INTO `productos` (`id_producto`, `nombre_producto`, `descripcion`, `url_compra`, `precio`, `id_categoria`, `id_marca`, `etiqueta`) VALUES
(1, 'Samsung Galaxy A57', 'Evaluación de la relación calidad-precio:\r\nLa verdad es que nos encontramos ante un salto generacional que difumina las fronteras de la gama media con un descaro absoluto. Ofrecer medio terabyte de almacenamiento interno y una madurez de software sin precedentes por este costo de adquisición transmite una gran confianza a cualquier comprador, eliminando de un plumazo el miedo a quedarse sin espacio o a ver cómo el dispositivo envejece prematuramente. Y es que este teléfono se comporta como ese utilitario premium que viene equipado con los extras de una berlina de lujo: no te exige pagar las cuatro cifras de un buque insignia, pero te otorga la misma tranquilidad y solvencia a largo plazo. Al fin y al cabo, adquirir una herramienta tan pulida y con tanto margen de futuro es el equivalente a realizar una compra sumamente inteligente. Representa una inversión impecable para quienes valoran el esfuerzo económico y desean exprimir su terminal durante años con total tranquilidad.\r\n\r\nCaracterísticas técnicas del dispositivo:\r\nEste smartphone destaca por integrar un imponente panel Super AMOLED Plus de 6.7 pulgadas con resolución FHD+ y una tasa de refresco adaptativa de 120 Hz, todo ello impulsado por el nuevo procesador Exynos 1680. Su impacto real en el día a día es inmediato. La fluidez al navegar por la renovada interfaz es absoluta, las transiciones se ejecutan con una solidez impecable y la visibilidad bajo el sol resulta soberbia gracias a sus picos de brillo mejorados. Por si fuera poco, su sistema de cámaras liderado por un sensor principal de 50 megapíxeles con estabilización óptica (OIS) asegura capturas limpias y nítidas, convirtiendo cualquier fotografía casual en un recuerdo de nivel profesional sin que el pulso o las malas condiciones de luz arruinen la escena.\r\n\r\nInvertir en este dispositivo significa asegurar un rendimiento práctico impecable a largo plazo, respaldado de forma brutal por unos espectaculares 512 GB de memoria interna y el soporte de hasta 6 años de actualizaciones mayores del sistema operativo. La robustez es otra de sus grandes bazas. Su delgadísimo chasis de apenas 6.9 milímetros de grosor no solo es asombrosamente ligero en la mano, sino que cuenta con certificación IP68 contra el agua y el polvo, además de protección Gorilla Glass Victus+ en ambos lados para sobrevivir a los pequeños accidentes diarios. Todo ello se complementa con una generosa batería de 5.000 mAh que estira la autonomía más allá de la jornada intensiva y es compatible con carga rápida, consolidándose como un ecosistema portátil robusto y equilibrada diseñado minuciosamente para perdurar.', 'https://www.samsung.com/es/smartphones/galaxy-a/galaxy-a57-5g-awesome-navy-512gb-sm-a576bdbheub/', 529.00, 1, 1, 'Mejor calidad-precio'),
(2, 'MacBook Neo', 'Evaluación de la relación calidad-precio:\r\nLa verdad es que nos encontramos ante una encrucijada tecnológica fascinante donde las expectativas del usuario y la innovación de vanguardia se dan la mano. Al analizar una propuesta de esta envergadura, que redefine la movilidad, el costo de adquisición debe entenderse no como un gasto efímero, sino como una inversión a largo plazo en productividad y paz mental. Y es que este equipo se comporta como ese traje a medida de alta costura: se adapta de forma impecable a tu rutina diaria sin que apenas notes que está ahí, pero respondiendo con una solvencia brutal en cuanto le exiges el máximo. Al fin y al cabo, optar por un ecosistema tan maduro y eficiente transmite una gran confianza a cualquier profesional que mire con lupa el rendimiento por cada euro invertido. Representa un equilibrio impecable, ideal para quienes valoran el esfuerzo económico y exigen una herramienta que envejezca con una dignidad indiscutible en su escritorio.\r\n\r\nCaracterísticas técnicas del dispositivo:\r\nEste portátil destaca por integrar la nueva generación de silicio de Apple, un cerebro electrónico optimizado al milímetro que distribuye las cargas de trabajo de manera inteligente entre sus núcleos de rendimiento y eficiencia. Su impacto real en el día a día es inmediato. La multitarea con flujos de trabajo exigentes se percibe fluida como la seda, el sistema operativo arranca en un suspiro y las aplicaciones creativas se ejecutan con una solidez impecable, sin ruidos ni sobrecalentamientos molesto. Por si fuera poco, su pantalla Retina de alta densidad ofrece una viveza cromática y una nitidez espectaculares, haciendo que las jornadas maratonianas de edición o lectura resulten sumamente cómodas para la vista.\r\n\r\nEn el terreno del rendimiento práctico, la arquitectura unificada y la gestión energética marcan una diferencia abismal en el uso prolongado. Su batería de polímeros de litio estira la autonomía de una manera casi insultante, permitiéndote olvidarte por completo del cargador durante toda la jornada laboral y eliminando esa molesta dependencia de los enchufes en cafeterías o aeropuertos. Tampoco podemos pasar por alto la delgadez de su chasis de aluminio reciclado, el tacto preciso de su teclado optimizado o la velocidad de vértigo de su almacenamiento sólido. Es una pieza sumamente robusta y silenciosa que se consolida como una extensión natural de tu creatividad, diseñada minuciosamente para perdurar en el tiempo.', 'https://www.apple.com/es/macbook-neo/', 699.00, 2, 2, 'Mejor calidad-precio'),
(4, 'Samsung Galaxy A56 5G', 'Evaluación de la relación calidad-precio:\r\nLa verdad es que adentrarse en la competida gama media con una propuesta tan sólida demuestra por qué la marca coreana sigue liderando el mercado. Ofrecer un panel de categoría premium y un soporte de actualizaciones tan longevo por este costo de adquisición transmite una gran confianza a cualquier comprador, rompiendo esa molesta barrera que solía obligar al usuario a renovar su teléfono cada dos años por puro abandono de software. Y es que este dispositivo se comporta como ese vehículo compacto de firma reconocida: no busca competir en extravagancias ni en el lujo de las tres cifras altas, pero te otorga una fiabilidad diaria, una seguridad y un valor de reventa que pocos rivales pueden replicar. Al fin y al cabo, adquirir un terminal que hereda directamente tecnologías de la gama alta por un precio tan equilibrado redefine por completo el concepto de compra inteligente. Representa una inversión impecable y sumamente madura, idónea para quienes valoran el esfuerzo económico y exigen que su inversión se traduzca en años de tranquilidad y fluidez absoluta.\r\n\r\nCaracterísticas técnicas del dispositivo:\r\nEste smartphone destaca por integrar un panel Super AMOLED de 6.7 pulgadas con resolución Full HD+ y una tasa de refresco de 120 Hz, impulsado por el procesador Exynos 1580 de nueva hornada. Su impacto real en el día a día es inmediato. La navegación por la interfaz de Android se percibe sumamente fluida, las transiciones entre aplicaciones se ejecutan sin el más mínimo titubeo y la pantalla brilla con una nitidez espectacular incluso bajo la luz directa del sol. Por si fuera poco, su configuración fotográfica liderada por un sensor principal de 50 megapíxeles con estabilización óptica (OIS) asegura capturas limpias, enfocadas y con una viveza cromática de nivel profesional en casi cualquier escenario.\r\n\r\nEn el terreno del rendimiento práctico, la autonomía y la robustez marcan la diferencia en el uso prolongado. Su generosa batería de 5.000 mAh estira la jornada con soltura sin que tengas que mirar de reojo el porcentaje restante, complementándose a la perfección con una carga rápida de hasta 45W para esos días de prisas cotidianas. Tampoco podemos pasar por alto detalles de ingeniería tan determinantes como su certificación IP67 contra el agua y el polvo o la protección de su cristal Gorilla Glass Victus+, salvavidas invisibles ante caídas o accidentes imprevistos. Es una pieza sumamente robusta que, sumada a la promesa de Samsung de ofrecer hasta 6 años de actualizaciones de sistema, se consolida como una herramienta técnica impecable diseñada para perdurar en el tiempo.', 'https://www.samsung.com/es/smartphones/galaxy-a/galaxy-a56-5g-awesome-lightgray-128gb-sm-a566bzaaeub/', 433.00, 1, 1, 'Mejor calidad-precio'),
(5, 'Xiaomi 15', 'Evaluación de la relación calidad-precio:\r\nLa verdad es que adentrarse en la barrera de las cuatro cifras exige ofrecer algo verdaderamente extraordinario, y este dispositivo justifica cada céntimo con una contundencia impecable. Ofrecer una ingeniería tan refinada y compacta por este costo de adquisición transmite una gran confianza a cualquier comprador entusiasta, demostrando que la potencia desmedida no tiene por qué estar reñida con la comodidad de uso. Y es que este teléfono se comporta como ese reloj de alta gama que sorprende por fuera por su diseño minimalista, pero esconde un mecanismo interno de precisión milimétrica capaz de soportarlo todo. Al fin y al cabo, adquirir un terminal que no escatima en materiales y estrena el motor más avanzado del mercado redefine por completo el concepto de compra inteligente en el sector premium. Representa una inversión formidable, ideal para quienes valoran el esfuerzo económico y exigen que su herramienta del día a día responda con una velocidad insultante.\r\n\r\nCaracterísticas técnicas del dispositivo:\r\nEste buque insignia destaca por integrar la potentísima plataforma móvil Qualcomm Snapdragon 8 Elite fabricada en 3 nanómetros, un auténtico monstruo que trabaja codo con codo junto a una pantalla OLED LTPO de 6.36 pulgadas a 120 Hz con picos de brillo de hasta 3200 nits. Su impacto real en el día a día es inmediato. La navegación por la interfaz HyperOS es eléctrica, las transiciones se perciben fluidas como la seda y los juegos más exigentes se ejecutan con una solidez impecable, sin caídas de rendimiento. Por si fuera poco, su apartado fotográfico viene apadrinado por ópticas Leica Summilux con un triple sensor de 50 megapíxeles, logrando capturas con una viveza cromática y una nitidez que juegan directamente en la liga profesional.\r\n\r\nEn el terreno del rendimiento práctico, la autonomía y la resistencia marcan la diferencia en el uso prolongado. A pesar de sus dimensiones contenidas, esconde una batería masiva de ánodo de silicio-carbono con 5240 mAh de capacidad, permitiendo estirar la jornada de uso intensivo sin sudar y complementándose de manera brutal con su carga rápida por cable HyperCharge de 90W e inalámbrica de 50W. Tampoco podemos olvidar su certificación IP68 contra agua y polvo, que brinda una tremenda tranquilidad ante cualquier accidente cotidiano. Es una pieza sumamente robusta, rematada con un puerto USB 3.2 Gen2 de alta velocidad para transferir datos en segundos, consolidándose como un ecosistema portátil de primer nivel diseñado para perdurar en el tiempo.', 'https://www.mi.com/es/product/xiaomi-15/', 599.00, 1, 3, NULL),
(9, 'HP Victus 15', 'Evaluación de la relación calidad-precio:\r\nLa verdad es que dar con un equipo que integre componentes de última hornada sin obligarnos a pedir un préstamo bancario se ha convertido en todo un desafío. Sin embargo, ofrecer un equilibrio tan afinado por este costo de adquisición transmite una gran confianza a cualquier comprador, demostrando que HP sabe perfectamente dónde recortar y dónde poner toda la carne en el asador. Y es que este portátil se comporta como ese vehículo compacto deportivo que sorprende en la carretera: no busca competir en el sector del lujo extremo, pero te da una patada de potencia brutal en cuanto pisas el acelerador. Al fin y al cabo, obtener acceso a la arquitectura gráfica más reciente del mercado y a una memoria sumamente veloz por menos de ochocientos cincuenta euros redefine por completo el concepto de compra inteligente. Es una inversión impecable, idónea para quienes valoran el esfuerzo económico y exigen exprimir al máximo cada fotograma y cada segundo de su jornada.\r\n\r\nCaracterísticas técnicas del dispositivo:\r\nEste portátil destaca por integrar el renovado procesador Intel Core 5 210H de 8 núcleos junto a los gráficos dedicados de la nueva NVIDIA GeForce RTX 5050, que viene respaldada por unos generosos 8 GB de memoria de video GDDR7. Su impacto real en el día a día es inmediato. La multitarea con pesadas aplicaciones de oficina o pestañas interminables se siente sumamente fluida, el sistema arranca en un suspiro y los videojuegos modernos cobran vida con una solidez impecable en su pantalla IPS de 15.6 pulgadas a 144 Hz. Por si fuera poco, los 16 GB de memoria RAM DDR5 a 5200 MHz aseguran que el flujo de datos no encuentre ningún cuello de botella, logrando que la experiencia general se perciba ágil, eléctrica y con una respuesta impecable ante cualquier imprevisto.\r\n\r\nEn el terreno del rendimiento práctico, la inclusión de un almacenamiento SSD NVMe PCIe Gen4 de 512 GB garantiza transferencias de archivos a velocidades de vértigo, reduciendo los tiempos de carga al mínimo absoluto. Su batería de 4 celdas y 70 Wh ofrece una autonomía muy digna para las tareas cotidianas y cuenta con un sistema de carga rápida capaz de recuperar el 50% de la energía en solo treinta minutos, un salvavidas ideal para cuando dependes de un enchufe en la cafetería o en la facultad. Tampoco se puede pasar por alto su conectividad de vanguardia con Wi-Fi 6 y Bluetooth 5.4, además de un elegante chasis en color azul rendimiento con teclado retroiluminado completo que, a pesar de venir sin sistema operativo preinstalado, se consolida como una herramienta técnica robusta pensada para durar.', 'https://www.pccomponentes.com/portatil-hp-victus-15-fa2001ns-156-intel-core-5-210h-16gb-512gb-ssd-rtx-5050-8gb-azul', 849.00, 2, 5, 'Muy recomendado'),
(11, 'Monitor LG UltraGear 27G610A-B', 'Evaluación de la relación calidad-precio:\r\nLa verdad es que nos encontramos ante una propuesta que sacude los cimientos de la gama media para demostrar que el rendimiento de vanguardia no tiene por qué costar una fortuna. Ofrecer un panel de estas características con una velocidad tan endiablada por este costo de adquisición transmite una gran confianza a cualquier comprador, rompiendo de golpe la vieja creencia de que para jugar a nivel profesional hay que vaciar los bolsillos. Y es que este periférico se comporta como ese vehículo compacto de altas prestaciones que rinde igual de bien en el atasco diario que en un circuito de carreras, adaptándose con una naturalidad asombrosa a las necesidades reales del usuario. Al fin y al cabo, adquirir una pantalla que combina una nitidez soberbia y una fluidez extrema por este precio de mercado es un acierto rotundo. Representa una inversión impecable, ideal para quienes valoran el esfuerzo económico y exigen que cada fotograma se traduzca en pura ventaja competitiva.\r\n\r\nCaracterísticas técnicas del dispositivo:\r\nEste monitor destaca por integrar un panel IPS de 27 pulgadas con resolución QHD de 2560 x 1440 píxeles, alcanzando una tasa de refresco nativa de 200 Hz. Su impacto real en el día a día es inmediato. Los textos en el escritorio se perciben con una claridad milimétrica, los juegos ganan una profundidad visual asombrosa gracias a la certificación VESA DisplayHDR 400 y las transiciones más rápidas se ejecutan con una solidez impecable. Por si fuera poco, la tecnología de sincronización AMD FreeSync Premium trabaja en segundo plano para coordinar cada cuadro de imagen con la tarjeta gráfica, erradicando por completo los molestos cortes de pantalla o parpadeos visuales que rompen la inmersión.\r\n\r\nEn el terreno del rendimiento práctico, su fulminante tiempo de respuesta de tan solo 1 ms marca la diferencia en el uso prolongado al suprimir de raíz cualquier rastro de desenfoque o ghosting en escenas de acción frenética. El confort del usuario ha sido un pilar fundamental en su diseño, algo que se nota en su peana ergonómica totalmente regulable en altura, inclinación y pivotación, permitiendo colocar la pantalla en vertical si el flujo de trabajo lo requiere. Es una pieza sumamente robusta, equipada con tecnología antiparpadeo y reducción de luz azul para proteger la vista tras jornadas maratonianas, consolidándose como un aliado técnico indiscutible para el ocio y la productividad.', 'https://www.pccomponentes.com/monitor-lg-ultragear-27g610a-b-27-qhd-200hz-ips-freesync-premium-hdr400-1-ms-regulable', 179.99, 6, 9, NULL),
(12, 'Monitor MSI MAG 272F X24', 'Evaluación de la relación calidad-precio:\r\nLa verdad es que dar con una pantalla que rompa la barrera de los doscientos hercios sin obligarnos a vaciar los bolsillos se sentía, hasta hace nada, como buscar una aguja en un pajar. Ofrecer una tasa de refresco tan descomunal sobre un panel de respuesta rápida por este costo de adquisición transmite una gran confianza a cualquier comprador, demostrando que el rendimiento de nivel competitivo ha dejado de ser un lujo reservado a presupuestos de tres cifras. Y es que este periférico se comporta como ese calzado deportivo de alta competición que de repente se pone a tiro a precio de calzado urbano, adaptándose de forma impecable tanto al jugador entusiasta como al usuario que cuida sus finanzas. Al fin y al cabo, obtener una ventaja táctica tan tangible por menos de ciento cincuenta euros redefine por completo el concepto de compra inteligente. Representa un valor redondo, ideal para quienes valoran el esfuerzo económico y exigen una respuesta instantánea en su escritorio.\r\n\r\nCaracterísticas técnicas del dispositivo:\r\nEste monitor destaca por integrar un panel de 27 pulgadas con tecnología Rapid IPS y resolución Full HD, alcanzando una vertiginosa tasa de refresco nativa de 240 Hz. Su impacto real en el día a día es inmediato. Los movimientos del sistema operativo se perciben con una suavidad de seda, las ventanas se desplazan sin rastro de estelas y la acción en los videojuegos competitivos cobra una fluidez casi hipnótica, eliminando los molestos tirones. Por si fuera poco, la tecnología de panel elegida garantiza que los colores se mantengan vivos, fieles y sin distorsiones molestas incluso si nos recostamos en la silla y miramos la pantalla desde ángulos complicados.\r\n\r\nEn el terreno del rendimiento práctico, su fulminante tiempo de respuesta y el soporte para Adaptive-Sync marcan la diferencia en el uso prolongado al sincronizar cada fotograma con la tarjeta gráfica de forma milimétrica. La fatiga ocular ya no es un problema tras largas sesiones de trabajo o juego gracias a su tratamiento antirreflejo y a la tecnología AI Vision, encargada de mejorar los detalles en las zonas oscuras de la imagen de forma inteligente. Es una pieza sumamente robusta, rematada con un diseño de marcos ultradelgados que amplifica la inmersión y un soporte estable, consolidándose como una opción de primer nivel para quienes buscan exprimir cada fotograma sin renunciar a una solidez impecable.', 'https://www.pccomponentes.com/monitor-msi-mag-272f-x24-27-fhd-240hz-rapid-ips-hdr-adaptive-sync-ai-vision-antirreflejo', 129.00, 6, 10, 'Mejor calidad-precio'),
(14, 'Monitor Gigabyte G27Q20', 'Evaluación de la relación calidad-precio:\r\nLa verdad es que nos encontramos ante un auténtico golpe sobre la mesa en el sector de las pantallas que redefine por completo lo que deberíamos exigir por nuestro dinero. Ofrecer una resolución nativa impecable combinada con una velocidad de vértigo por este costo de adquisición transmite una gran confianza a cualquier comprador, rompiendo esa barrera invisible que antes obligaba a elegir entre nitidez o fluidez extrema. Y es que este periférico se comporta como ese televisor de alta gama que de repente se vuelve accesible para todo el mundo, demostrando que cuidar las finanzas no implica renunciar a una experiencia de juego plenamente competitiva. Al fin y al cabo, llevarse a casa un panel de estas características por un precio tan competitivo es el equivalente tecnológico a encontrar un coche deportivo a precio de utilitario familiar. Sin duda alguna, representa un equilibrio formidable para quienes valoran el esfuerzo económico y desean maximizar cada milisegundo invertido frente a sus títulos favoritos.\r\n\r\nCaracterísticas técnicas del dispositivo:\r\nEste monitor destaca por integrar un panel de 27 pulgadas con tecnología SuperSpeed IPS y resolución QHD de 2560 x 1440 píxeles, alcanzando una tasa de refresco nativa de 200 Hz. Su impacto real en el día a día es inmediato. Los paisajes en los videojuegos cobran una viveza espectacular gracias a su cobertura del 94% del espacio de color DCI-P3, mientras que los textos del sistema operativo y los bordes se perciben con una nitidez absoluta, eliminando por completo cualquier atisbo de pixelación. Por si fuera poco, su compatibilidad certificada tanto con AMD FreeSync Premium como con NVIDIA G-Sync asegura que las imágenes se sincronicen de manera milimétrica con la tarjeta gráfica, erradicando los molestos cortes de pantalla o tirones visuales.\r\n\r\nEn el terreno del rendimiento práctico, su increíble tiempo de respuesta de tan solo 0.5 ms GTG marca la diferencia en el uso prolongado al suprimir de raíz el efecto de arrastre o ghosting en las escenas de acción más frenéticas. El confort del usuario también ha sido mimado al detalle a través de un pie ergonómico de excelente factura, el cual permite ajustar libremente la altura, la inclinación y el giro para adaptarlo de forma natural a la postura del cuerpo. Cuenta además con soporte para contenido HDR10 y conectividad versátil mediante puertos HDMI 2.0 y DisplayPort 1.4, consolidándose como una ventana digital sumamente robusta y equilibrada que transforma radicalmente cualquier sesión de juego o productividad.', 'https://www.pccomponentes.com/monitor-gigabyte-g27q20-27-ips-qhd-200hz-0-5ms-gtg-freesync-premium-g-sync-compatible-hdr10', 159.00, 6, 11, NULL),
(15, 'Logitech G502', 'Evaluación de la relación calidad-precio:\r\nLa verdad es que nos encontramos ante una de esas leyendas del hardware que, lejos de pasar de moda, se vuelven más atractivas con el paso de los años. Ofrecer un sensor de categoría profesional y una ergonomía tan estudiada por este costo de adquisición transmite una gran confianza a cualquier usuario, demostrando que tener periféricos de primer nivel competitivo no es un lujo exclusivo de unos pocos. Y es que este dispositivo se comporta como ese aliado incondicional que responde exactamente cuando lo necesitas, aguantando sesiones maratonianas sin pestañear. Al fin y al cabo, adquirir una herramienta con este nivel de madurez técnica por poco más de treinta y cinco euros redefine por completo el concepto de compra inteligente. Representa un valor impecable, ideal para quienes valoran el esfuerzo económico y exigen una precisión absoluta en cada movimiento sobre la alfombrilla.\r\n\r\nCaracterísticas técnicas del dispositivo:\r\nEste periférico destaca por integrar el aclamado sensor óptico HERO 25K, capaz de alcanzar una resolución ajustable desde los 100 hasta los 25.600 DPI sin sufrir de suavizado, aceleración ni filtros artificiales. Su impacto real en el día a día es inmediato. Los movimientos en la pantalla se perciben con una fluidez milimétrica, el cursor responde sin titubeos y las acciones complejas en cualquier videojuego o programa de edición se ejecutan con una solidez impecable. Por si fuera poco, incorpora un total de 11 botones completamente programables a través de su software y un sistema de tensión de resortes mecánicos en los clics principales, asegurando una respuesta táctil limpia, nítida y sumamente satisfactoria.\r\n\r\nEn el terreno del rendimiento práctico, la personalización física y el control del usuario marcan la diferencia en el uso prolongado. El dispositivo incluye un ingenioso sistema de cinco pesas magnéticas de 3,6 gramos cada una, permitiendo adaptar el centro de gravedad y la resistencia al deslizamiento según el gusto exacto de cada mano. Tampoco podemos olvidar su icónica rueda de desplazamiento con doble modo, capaz de liberarse para un giro hiperrápido o bloquearse para un recorrido por etapas sumamente preciso. Es una pieza robusta, rematada con un cable mallado de alta durabilidad y sutil iluminación RGB LIGHTSYNC, consolidándose como una extensión natural de la mano diseñada para resistir millones de clics.', 'https://www.pccomponentes.com/logitech-g502-hero-raton-gaming-25600dpi', 36.49, 7, 12, 'Mejor calidad-precio'),
(16, 'Procesador AMD Ryzen 5 5500', 'Evaluación de la relación calidad-precio:\r\nLa verdad es que nos encontramos ante una de esas raras oportunidades donde el mercado se vuelve verdaderamente democrático. Ofrecer una arquitectura tan madura por este costo de adquisición transmite una gran confianza a cualquier usuario que mire con lupa su presupuesto, demostrando que no hace falta vaciar los bolsillos para montar un equipo solvente. Y es que este componente se comporta como ese vehículo compacto, fiable y de bajo consumo que nunca te deja tirado en el día a día. Al fin y al cabo, obtener un cerebro electrónico con esta solvencia por menos de ochenta euros redefine por completo el concepto de compra inteligente. Representa un equilibrio impecable, ideal para quienes valoran el esfuerzo económico y exigen que cada céntimo invertido se traduzca en una respuesta ágil frente a la pantalla.\r\n\r\nCaracterísticas técnicas del dispositivo:\r\nEste silicio de arquitectura Zen 3 destaca por integrar una configuración de 6 núcleos físicos y 12 hilos de procesamiento, operando a una frecuencia base de 3.6 GHz que se estira de manera inteligente hasta los 4.2 GHz cuando la carga de trabajo lo requiere. Su impacto real en el día a día es inmediato. La multitarea se percibe fluida, el sistema operativo responde sin titubeos y las aplicaciones cotidianas se ejecutan con una solidez impecable. Por si fuera poco, incluye de fábrica el disipador Wraith Stealth, un aliado térmico de contrastada eficacia que evita gastos adicionales y asegura que la temperatura se mantenga a raya desde el primer minuto de montaje.\r\n\r\nEn el terreno del rendimiento práctico, su arquitectura interna procesa las instrucciones con una agilidad sorprendente, logrando una eficiencia energética notable gracias a su contenido TDP de 65W. No consume apenas energía en reposo. Esto se traduce en un funcionamiento fresco y silencioso a largo plazo, extendiendo la vida útil de todo el conjunto de manera natural. Si bien está limitado al estándar PCIe 3.0, este detalle apenas penaliza la experiencia de juego o de edición estándar en la actualidad. Es una pieza sumamente robusta que destaca en la productividad del mundo real, convirtiéndose en el corazón perfecto para setups equilibrados de uso prolongado.', 'https://www.pccomponentes.com/procesador-amd-ryzen-5-5500-3-6ghz-box', 79.90, 5, 7, 'Chollo'),
(17, 'Procesador Intel Core i5-14400F', 'Evaluación de la relación calidad-precio:\r\nLa verdad es que nos encontramos ante uno de esos componentes que silenciosamente se convierten en el verdadero motor de la gama media. Ofrecer una arquitectura híbrida tan pulida por este costo de adquisición transmite una gran confianza a cualquier usuario que busque exprimir su presupuesto, demostrando que no es necesario gastar una fortuna para obtener un rendimiento de última hornada. Y es que este procesador se comporta como ese motor de cuatro cilindros turboalimentado: eficiente y dócil cuando patrullas por la ciudad o trabajas en la oficina, pero capaz de ofrecer una patada de potencia brutal en cuanto le exiges el máximo en tus juegos favoritos. Al fin y al cabo, adquirir una pieza con esta solvencia técnica por menos de ciento setenta euros redefine por completo el concepto de compra inteligente. Representa un equilibrio formidable, ideal para quienes valoran el esfuerzo económico y exigen que cada euro invertido se traduzca en una respuesta ágil frente a la pantalla.\r\n\r\nCaracterísticas técnicas del dispositivo:\r\nEste silicio destaca por integrar una configuración híbrida de 10 núcleos (6 de rendimiento y 4 de eficiencia) y 16 hilos de procesamiento, operando a una frecuencia base de 2.5 GHz que se estira de manera inteligente hasta los 4.7 GHz gracias a la tecnología Intel Turbo Boost. Su impacto real en el día a día es inmediato. La multitarea con pesadas aplicaciones de oficina o pestañas interminables se siente sumamente fluida, el sistema operativo responde sin el más mínimo titubeo y las tareas de renderizado o edición ligera se ejecutan con una solidez impecable. Por si fuera poco, al tratarse de la versión \"F\", prescinde de gráficos integrados para volcar toda su energía y optimización en trabajar codo con codo junto a tu tarjeta gráfica dedicada, incluyendo además el disipador Intel Laminar RM1 para asegurar una instalación directa y sin costes ocultos.\r\n\r\nEn el terreno del rendimiento práctico, la gestión térmica y el consumo energético marcan la diferencia en el uso prolongado. Su contenido TDP base de 65W garantiza un funcionamiento fresco y silencioso en tareas cotidianas, lo que prolonga de forma natural la vida útil de todo el conjunto y evita que tu habitación se convierta en un horno durante el verano. Tampoco podemos pasar por alto su enorme versatilidad de plataforma, ya que ofrece compatibilidad tanto con la memoria RAM DDR4 como con la rapidísima DDR5, además de soportar el estándar PCIe 5.0. Esto último es un salvavidas de cara al futuro, permitiendo actualizar los componentes del equipo más adelante sin encontrar molestos cuellos de botella y consolidando a este procesador como una herramienta técnica robusta pensada para durar.', 'https://www.pccomponentes.com/intel-core-i5-14400f-25-47ghz-box', 197.05, 5, 8, 'Muy recomendado'),
(18, 'Procesador AMD Ryzen 5 5600', 'Evaluación de la relación calidad-precio:\r\nLa verdad es que nos encontramos ante uno de esos componentes que sostienen con orgullo el estandarte de la compra inteligente en el mercado de componentes actual. Ofrecer un rendimiento tan robusto en la arquitectura Zen 3 por este costo de adquisición transmite una gran confianza a cualquier usuario, demostrando que no hace falta vaciar los bolsillos para construir una base sólida y duradera en el escritorio. Y es que este procesador se comporta como ese motor de gasolina atmosférico de confianza extrema: eficiente en el día a día, con un mantenimiento ridículo y capaz de rendir al máximo cuando le exiges un esfuerzo extra. Al fin y al cabo, obtener un cerebro electrónico tan capaz por menos de noventa euros es un acierto rotundo, ideal para quienes valoran el esfuerzo económico y exigen que cada céntimo se traduzca en una respuesta instantánea frente a la pantalla.\r\n\r\nCaracterísticas técnicas del dispositivo:\r\nEste silicio destaca por integrar una configuración de 6 núcleos físicos y 12 hilos de procesamiento, operando a una frecuencia base de 3.5 GHz que se estira con una solidez impecable hasta los 4.4 GHz gracias a sus algoritmos de aceleración automática. Su impacto real en el día a día es inmediato. La multitarea entre aplicaciones pesadas se siente sumamente fluida, el sistema operativo responde sin el más mínimo titubeo y los videojuegos de última hornada ganan una tasa de fotogramas por segundo muy estable. Por si fuera poco, incluye de fábrica el disipador Wraith Stealth, un aliado térmico de contrastada eficacia que evita gastos ocultos en el presupuesto y garantiza un montaje directo desde el primer minuto.\r\n\r\nEn el terreno del rendimiento práctico, la eficiencia energética y la generosa memoria caché de 32 MB marcan una diferencia abismal en el uso prolongado, especialmente al suavizar los tiempos de carga en entornos competitivos. Su contenido TDP de 65W asegura un funcionamiento fresco y silencioso bajo cualquier escenario de estrés cotidiano, extendiendo de forma natural la vida útil de toda la placa base y reduciendo el consumo eléctrico general de la torre. Cuenta además con soporte completo para el estándar PCIe 4.0, un salvavidas de cara al futuro que permite aprovechar al máximo la velocidad de los discos SSD NVMe modernos y evitar molestos cuellos de botella con las tarjetas gráficas actuales, consolidándose como una herramienta técnica robusta pensada para perdurar.', 'https://www.pccomponentes.com/amd-ryzen-5-5600-35ghz-box', 129.90, 5, 7, 'Mejor calidad-precio'),
(19, 'Logitech G413 TKL SE', 'Evaluación de la relación calidad-precio:\r\nLa verdad es que nos encontramos ante una de esas elecciones reconfortantes dentro del saturado mercado de periféricos, donde la sobriedad y la funcionalidad se imponen a los excesos visuales. Ofrecer un chasis de aluminio cepillado de calidad aeronáutica y mecanismos puramente mecánicos por este costo de adquisición transmite una gran confianza a cualquier usuario, demostrando que la durabilidad no tiene por qué estar reñida con un presupuesto ajustado. Y es que este teclado se comporta como esa herramienta de taller clásica y robusta: desprovisto de adornos innecesarios o luces de colores estridentes, pero diseñado para aguantar jornadas interminables de pulsaciones sin mostrar la más mínima fatiga. Al fin y al cabo, adquirir un periférico con el respaldo de una marca líder por poco más de cincuenta euros representa una compra sumamente inteligente. Es un valor seguro para quienes valoran el esfuerzo económico y exigen un tacto firme, preciso y profesional sobre su escritorio.\r\n\r\nCaracterísticas técnicas del dispositivo:\r\nEste periférico destaca por integrar interruptores mecánicos de tipo táctil optimizados para el rendimiento, montados sobre una elegante y resistente cubierta superior de aleación de aluminio en formato TKL, el cual prescinde por completo del teclado numérico lateral. Su impacto real en el día a día es inmediato. El espacio ganado en la mesa otorga una libertad de movimiento brutal para el ratón, la respuesta de cada tecla se percibe limpia y el sistema de iluminación LED blanca focalizada elimina los molestos destellos laterales, facilitando una concentración absoluta en entornos oscuros. Por si fuera poco, los interruptores ofrecen una sutil resistencia física justo en el punto de actuación, traduciéndose en una escritura ágil, eléctrica y sumamente satisfactoria tanto para redactar textos largos como para reaccionar a tiempo en mitad de una partida.\r\n\r\nEn el terreno del rendimiento práctico, los materiales de construcción marcan la diferencia en el uso prolongado. Las teclas han sido fabricadas con plástico PBT de alta calidad, un material sumamente denso que resiste de forma impecable el desgaste por fricción y evita la aparición de ese molesto brillo aceitoso con el paso de los meses. Tampoco podemos pasar por alto la inclusión de la tecnología Anti-Ghosting con una matriz de 6-Key Rollover, un salvavidas técnico que garantiza que cada comando sea registrado de forma milimétrica incluso si pulsas varias teclas de manera simultánea en un momento de tensión. Es una pieza robusta, conectada mediante un cable de alta resistencia y rematada con pies de inclinación estables, consolidándose como un ecosistema de escritura sólido y minimalista diseñado con el firme propósito de perdurar.', 'https://www.pccomponentes.com/logitech-g413-tkl-se-teclado-gaming-mecanico-retroiluminado', 54.99, 7, 12, 'Muy recomendado'),
(20, 'Razer Basilisk V3', 'Evaluación de la relación calidad-precio:\r\nLa verdad es que nos encontramos ante un auténtico peso pesado de la ergonomía que, por este precio de mercado, se convierte en una de las opciones más tentadoras del ecosistema de periféricos. Ofrecer un abanico de tecnologías tan avanzadas por este costo de adquisición transmite una gran confianza a cualquier comprador, demostrando que no es necesario realizar un desembolso astronómico para disfrutar de un control que roza la perfección profesional. Y es que este dispositivo se comporta como ese coche de gran turismo: sumamente cómodo para las jornadas de oficina más largas, pero con un motor rabioso bajo el capó que responde con una agresividad impecable cuando decides exprimirlo en tus títulos favoritos. Al fin y al cabo, adquirir una herramienta con este nivel de construcción y personalización por poco más de cincuenta y cinco euros redefine por completo el concepto de compra inteligente. Representa un valor redondo, ideal para quienes valoran el esfuerzo económico y exigen que cada movimiento se traduzca en una respuesta instantánea y milimétrica.\r\n\r\nCaracterísticas técnicas del dispositivo:\r\nEste periférico destaca por integrar el sensor óptico Razer Focus+ de última hornada, capaz de alcanzar una resolución asombrosa de hasta 26.000 DPI con una precisión de seguimiento del 99.6%. Su impacto real en el día a día es inmediato. Los desplazamientos por la pantalla se perciben fluidos como la seda, el cursor obedece sin el más mínimo titubeo y las acciones complejas en programas de diseño o juegos competitivos se ejecutan con una solidez impecable. Por si fuera poco, incorpora un total de 11 botones completamente programables estratégicamente distribuidos y los interruptores ópticos de Razer para ratón de 2ª generación, los cuales eliminan los problemas de doble clic involuntario y ofrecen un tacto eléctrico, nítido y sumamente satisfactorio.\r\n\r\nEn el terreno del rendimiento práctico, la icónica rueda de desplazamiento Razer HyperScroll marca la diferencia en el uso prolongado al permitir un cambio inteligente entre un giro táctil tradicional y un modo de desplazamiento libre e hiperrápido, ideal para revisar documentos kilométricos en un suspiro. La ergonomía ha sido mimada al detalle con un soporte esculpido para el pulgar que reduce drásticamente la fatiga de la mano tras sesiones maratonianas de trabajo o juego. Es una pieza sumamente robusta, rematada con un cable Speedflex que minimiza la fricción sobre la alfombrilla y un espectacular sistema de iluminación RGB de 11 zonas con un brillo espectacular, consolidándose como una extensión natural del brazo diseñada meticulosamente para resistir millones de pulsaciones.', 'https://www.pccomponentes.com/razer-basilisk-v3-raton-gaming-optico-rgb-26000-dpi', 49.99, 7, 13, 'Muy recomendado'),
(21, 'Portátil Asus Zenbook 14 OLED', 'Evaluación de la relación calidad-precio:\r\nLa verdad es que adentrarse en el terreno de los portátiles premium sin rebasar la temida frontera de las cuatro cifras se sentía, hasta hace no mucho, como una utopía inalcanzable. Ofrecer una pantalla de tecnología tan superlativa y un chasis con este nivel de refinamiento por este costo de adquisición transmite una gran confianza a cualquier comprador, demostrando que ASUS no ha querido guardarse nada en el tintero para esta generación. Y es que este equipo se comporta como ese utilitario de gran turismo: es sorprendentemente ligero y compacto para llevarlo a cualquier parte, pero esconde un motor sofisticado que responde con una finura y un brío espectaculares en el instante en que le exiges rendimiento. Al fin y al cabo, adquirir una herramienta de trabajo tan sumamente equilibrada y con un diseño que roza la excelencia por este precio de mercado redefine por completo el concepto de compra inteligente. Es una inversión impecable, ideal para quienes valoran el esfuerzo económico y se niegan a sacrificar la belleza visual o la respuesta instantánea en su rutina diaria.\r\n\r\nCaracterísticas técnicas del dispositivo:\r\nEste ultraportátil destaca por integrar el procesador Intel Core Ultra 5 225H de arquitectura híbrida, un cerebro electrónico de última hornada que trabaja en perfecta sintonía con una impresionante pantalla OLED de 14 pulgadas con resolución FHD+. Su impacto real en el día a día es inmediato. Las transiciones por la interfaz de Windows 11 Home se perciben fluidas como la seda, el sistema arranca de manera eléctrica en un abrir y cerrar de ojos y la representación de los colores en el panel es tan vibrante y profunda que ver cualquier contenido multimedia o editar fotografías se convierte en un auténtico deleite visual. Por si fuera poco, sus 16 GB de memoria RAM garantizan que puedas saltar entre decenas de pestañas del navegador y aplicaciones de productividad sin experimentar el más mínimo titubeo o ralentización.\r\n\r\nEn el terreno del rendimiento práctico, la eficiencia energética y la robustez de su construcción marcan una diferencia abismal cuando te toca trabajar en movilidad. Su unidad de almacenamiento SSD NVMe de 512 GB ofrece transferencias de archivos a velocidades de vértigo, mientras que su batería de alta capacidad estira la autonomía con una solidez impecable, permitiéndote olvidarte del cargador durante las jornadas más intensas fuera de casa. Tampoco podemos pasar por alto esos pequeños detalles de ingeniería que elevan la experiencia de uso prolongado, como el tacto aterciopelado de su teclado optimizado, la generosa conectividad a pesar de su perfil ultradelgado y un sistema de refrigeración silencioso que mantiene el chasis fresco bajo cualquier circunstancia. Es una pieza sumamente robusta y sofisticada, consolidándose como un ecosistema portátil de primer nivel diseñado minuciosamente para durar.', 'https://www.pccomponentes.com/portatil-asus-zenbook-14-oled-ux3405ca-qd1313w-intel-core-ultra-5-225h-16gb-512gb-ssd-windows-11-home', 799.00, 2, 4, 'Muy recomendado'),
(22, 'Xiaomi Redmi Note 15 Pro+ 5G', 'Evaluación de la relación calidad-precio:\r\nLa verdad es que adentrarse en el terreno donde la gama media muerde los talones a los teléfonos premium es siempre un ejercicio de equilibrio fascinante, y este dispositivo lo resuelve con una madurez asombrosa. Ofrecer un conjunto técnico tan ambicioso bajo una firma que tradicionalmente cuida los bolsillos transmite una gran confianza a cualquier comprador, demostrando que no hace falta pagar el peaje de las cuatro cifras para disfrutar de una ingeniería de vanguardia. Y es que este terminal se comporta como ese vehículo compacto sobreequipado: tiene el precio y las dimensiones de un utilitario diario, pero en cuanto pisas el acelerador o exiges una respuesta contundente, te entrega prestaciones dignas de un gran turismo. Al fin y al cabo, optar por una variante que lleva el apellido \"Pro+\" es una declaración de intenciones clara. Representa una compra sumamente inteligente y un valor redondo para quienes valoran el esfuerzo económico y se niegan a sacrificar potencia o versatilidad en su mano.\r\n\r\nCaracterísticas técnicas del dispositivo:\r\nEste smartphone destaca por integrar una pantalla curva de tecnología AMOLED con una tasa de refresco adaptativa de 120 Hz, impulsada de forma impecable por un procesador de última generación con conectividad 5G nativa. Su impacto real en el día a día es inmediato. La navegación por la interfaz se percibe eléctrica y fluida como la seda, el salto entre aplicaciones pesadas se ejecuta sin el más mínimo titubeo y los contenidos multimedia cobran una viveza espectacular con negros puros y un brillo soberbio bajo el sol. Por si fuera poco, su renovado sistema de cámaras de ultra alta resolución con estabilización óptica transforma por completo la fotografía cotidiana, permitiendo capturar imágenes con una nitidez profesional incluso cuando el pulso tiembla o la luz de la tarde empieza a escasear.\r\n\r\nEn el terreno del rendimiento práctico, la gestión de la autonomía y la velocidad de recuperación marcan la diferencia en el uso prolongado. El dispositivo esconde un sistema de carga hiperrápida verdaderamente descomunal, un salvavidas técnico capaz de insuflar vida a la batería en lo que tardas en tomarte un café por la mañana y eliminando de raíz esa molesta ansiedad por buscar un enchufe a mitad de la jornada. Tampoco podemos pasar por alto la robustez de su construcción, que incorpora una resistencia al agua y al polvo muy superior a lo habitual en su segmento, garantizando una tranquilidad absoluta frente a los pequeños accidentes de la rutina. Es una pieza sumamente sólida, rematada con un generoso almacenamiento interno para olvidarse de los problemas de espacio, consolidándose como un ecosistema portátil diseñado minuciosamente para durar.', 'https://www.mi.com/es/product/redmi-note-15-pro-plus-5g/buy/', 379.99, 1, 3, 'Mejor calidad-precio'),
(23, 'Portátil Asus V16', 'Evaluación de la relación calidad-precio:\r\nLa verdad es que nos encontramos ante un auténtico golpe de autoridad en el segmento de los portátiles polivalentes, rompiendo esa molesta barrera que solía separar el rendimiento profesional del presupuesto de consumo general. Ofrecer un procesador de última generación y gráficos dedicados por este costo de adquisición transmite una gran confianza a cualquier comprador, demostrando que no es necesario realizar un desembolso de cuatro cifras para acceder a una potencia de cómputo de primer nivel. Y es que este equipo se comporta como ese vehículo de representación empresarial que sorprende en carretera: sobrio por fuera, pero con un motor rabioso bajo el capó listo para devorar kilómetros sin despeinarse. Al fin y al cabo, adquirir una máquina con este despliegue técnico por menos de setecientos euros redefine por completo el concepto de compra inteligente. Sin duda, representa un valor redondo, ideal para quienes valoran el esfuerzo económico y exigen una respuesta inmediata ante sus exigencias cotidianas.\r\n\r\nCaracterísticas técnicas del dispositivo:\r\nEste portátil destaca por integrar el nuevo y solvente procesador Intel Core 7 240H, una pieza de arquitectura híbrida avanzada que trabaja codo con codo junto a los gráficos dedicados de la NVIDIA GeForce RTX 4050. Su impacto real en el día a día es inmediato. La multitarea masiva con hojas de cálculo kilométricas, código de programación o pestañas infinitas del navegador se siente sumamente fluida, el sistema operativo arranca de manera eléctrica en un suspiro y el software creativo se ejecuta con una solidez impecable. Por si fuera poco, su generosa pantalla de 16 pulgadas ofrece un espacio de trabajo expandido que reduce drásticamente la necesidad de hacer scroll, haciendo que las jornadas de lectura y edición de documentos resulten sumamente cómodas y naturales para la vista.\r\n\r\nEn el terreno del rendimiento práctico, los 16 GB de memoria RAM y la unidad de almacenamiento SSD NVMe de 512 GB marcan una diferencia abismal en el uso prolongado al suprimir de raíz cualquier atisbo de cuello de botella en las transferencias de archivos. La gestión térmica ha sido cuidadosamente mimada, manteniendo el chasis de aluminio fresco y silencioso bajo cargas de trabajo estándar, lo que prolonga de forma natural la vida útil de los componentes internos. Es una pieza sumamente robusta que, a pesar de venir sin sistema operativo preinstalado para dar total libertad de configuración al usuario, cuenta con una conectividad de vanguardia y un teclado de tacto preciso, consolidándose como un ecosistema portátil de primer nivel diseñado minuciosamente para durar.', 'https://www.pccomponentes.com/portatil-asus-v16-v3607vu-rp099-intel-core-7-240h-16gb-512gb-ssd-rtx-4050-16', 849.00, 2, 4, 'Muy recomendado'),
(24, 'Monitor Gigabyte GS27U-EKR', 'Evaluación de la relación calidad-precio:\r\nLa verdad es que nos encontramos ante una de esas anomalías del mercado que obligan a frotarse los ojos para creerlo. Ofrecer el Santo Grial de los monitores actuales, que es combinar la nitidez absoluta del 4K con una velocidad puramente competitiva, por este costo de adquisición transmite una gran confianza a cualquier comprador. Y es que este periférico se comporta como ese televisor de gama entusiasta que de repente se vuelve accesible para presupuestos contenidos, demostrando que cuidar las finanzas no implica renunciar a una experiencia visual de primer nivel. Al fin y al cabo, dar el salto a las cuatro mil líneas de resolución a este precio de mercado redefine por completo el concepto de compra inteligente. Sin duda, representa un valor impecable para quienes valoran el esfuerzo económico y exigen que cada rincón de la pantalla desborde una claridad deslumbrante.\r\n\r\nCaracterísticas técnicas del dispositivo:\r\nEste monitor destaca por integrar un panel SuperSpeed IPS de 27 pulgadas con resolución Ultra HD 4K, alcanzando una tasa de refresco nativa de 160 Hz. Su impacto real en el día a día es inmediato. Los paisajes en los videojuegos cobran una viveza espectacular gracias a su altísima densidad de píxeles, mientras que los textos del sistema operativo se perciben con una nitidez milimétrica, eliminando por completo cualquier atisbo de pixelación o fatiga visual al leer o programar. Por si fuera poco, su compatibilidad con tecnologías de sincronización adaptativa asegura que las imágenes se coordinen de manera perfecta con la tarjeta gráfica, erradicando los molestos cortes de pantalla incluso en los momentos de acción más frenética.\r\n\r\nEn el terreno del rendimiento práctico, su fulminante tiempo de respuesta de tan solo 1 ms (MPRT) marca la diferencia en el uso prolongado al suprimir de raíz el efecto de arrastre o ghosting en escenas dinámicas. La experiencia multimedia se eleva un peldaño más gracias a la certificación HDR400, que aporta un contraste más rico y una paleta de colores notablemente fiel para el disfrute de series, películas o edición de fotografía digital. Es una pieza sumamente robusta, rematada con la tecnología Eyesafe para proteger la vista tras jornadas maratonianas frente al escritorio y una conectividad moderna mediante puertos HDMI 2.1 y DisplayPort 1.4, consolidándose como una ventana digital impecable diseñada minuciosamente para durar.', 'https://www.pccomponentes.com/monitor-gigabyte-gs27u-ekr-27-led-ss-ips-ultrahd-4k-160hz-hdr-400', 229.00, 6, 11, 'Muy recomendado');
INSERT INTO `productos` (`id_producto`, `nombre_producto`, `descripcion`, `url_compra`, `precio`, `id_categoria`, `id_marca`, `etiqueta`) VALUES
(25, 'Corsair M55 Wireless', 'Evaluación de la relación calidad-precio:\r\nLa verdad es que nos encontramos ante una de esas herramientas todoterreno que demuestran que la libertad inalámbrica no tiene por qué costar una fortuna. Ofrecer una conectividad doble sin retrasos y un chasis tan pulido por este costo de adquisición transmite una gran confianza a cualquier comprador, rompiendo esa vieja barrera invisible de que los ratones sin cables económicos sacrifican el rendimiento. Y es que este dispositivo se comporta como ese vehículo compacto de diario: ágil, sumamente fiable y diseñado para colarse en cualquier mochila sin llamar la atención ni dar un solo problema. Al fin y al cabo, adquirir un periférico con el respaldo de una firma líder y con una autonomía que se mide en semanas por poco más de cincuenta euros representa una compra sumamente inteligente. Es un valor redondo, ideal para quienes valoran el esfuerzo económico y exigen un control limpio, nítido y sin ataduras sobre su escritorio.\r\n\r\nCaracterísticas técnicas del dispositivo:\r\nEste periférico destaca por integrar un sensor óptico de alta precisión capaz de alcanzar una resolución ajustable de hasta 24.000 DPI, trabajando codo con codo junto a la reputada tecnología inalámbrica SLIPSTREAM WIRELESS de ultrabaja latencia. Su impacto real en el día a día es inmediato. Los desplazamientos por la pantalla se perciben fluidos como la seda, el cursor responde instantáneamente y las acciones complejas en videojuegos o tareas de diseño se ejecutan con una solidez impecable. Por si fuera poco, su diseño simétrico y compacto de perfil bajo se adapta con una naturalidad asombrosa a diferentes tipos de agarre, complementándose con unos agarres laterales texturizados que aseguran que el dispositivo no se deslice de las manos en los momentos de mayor tensión.\r\n\r\nEn el terreno del rendimiento práctico, la versatilidad de conexiones y la gestión energética marcan la diferencia en el uso prolongado. Al no depender de cables, puedes saltar en un suspiro entre su modo de 2.4 GHz para jugar al máximo nivel y la conexión Bluetooth, ideal para estirar la vida de su pila AA hasta las 400 horas de uso continuo en tareas de oficina. Tampoco podemos pasar por alto la robustez de sus interruptores mecánicos garantizados para resistir 60 millones de clics, o sus pies de PTFE puro que aseguran un deslizamiento suave y sin esfuerzo sobre cualquier alfombrilla. Es una pieza sumamente robusta, totalmente personalizable a través del ecosistema de software iCUE y libre de luces RGB innecesarias para maximizar el ahorro, consolidándose como una extensión natural del brazo diseñada minuciosamente para durar.', 'https://www.pccomponentes.com/corsair-m55-wireless-raton-inalambrico-gaming-24000-dpi', 54.99, 7, 14, ''),
(26, 'Gráfica NVIDIA MSI GeForce RTX 5060 Ti', 'Evaluación de la relación calidad-precio:\r\nLa verdad es que nos encontramos ante uno de esos componentes que están llamados a convertirse en el nuevo estándar de oro para los jugadores que buscan exprimir cada euro de su presupuesto. Ofrecer acceso directo a la arquitectura gráfica más vanguardista del mercado por este costo de adquisición transmite una gran confianza a cualquier usuario, rompiendo la mala costumbre de la industria de reservar las grandes revoluciones para las gamas prohibitivas. Y es que esta tarjeta gráfica se comporta como ese motor de inyección de alta fidelidad: contenido en tamaño, sumamente eficiente en su consumo y con una patada de potencia brutal en cuanto le exiges mover texturas complejas a máxima velocidad. Al fin y al cabo, adquirir un cerebro visual que estrena memorias ultrarrápidas y algoritmos inteligentes por poco más de cuatrocientos euros redefine por completo el concepto de compra inteligente. Representa una inversión impecable, ideal para quienes valoran el esfuerzo económico y exigen que su equipo envejezca con una dignidad indiscutible.\r\n\r\nCaracterísticas técnicas del dispositivo:\r\nEsta tarjeta gráfica destaca por integrar el nuevo núcleo gráfico de NVIDIA acompañado por 8 GB de la rapidísima memoria GDDR7, una evolución brutal en el ancho de banda que trabaja codo con codo junto a las tecnologías DLSS 4 y Reflex 2. Su impacto real en el día a día es inmediato. Los videojuegos más exigentes de última hornada se ejecutan con una solidez impecable, la tasa de fotogramas por segundo se estabiliza en cotas altísimas y la latencia del sistema se reduce al mínimo absoluto, haciendo que cada clic del ratón se traduzca de forma eléctrica e instantánea en la pantalla. Por si fuera poco, su optimización para tareas de inteligencia artificial permite acelerar de manera drástica el renderizado y la creación de contenido, transformando tu setup en un pequeño estudio profesional en un abrir y cerrar de ojos.\r\n\r\nEn el terreno del rendimiento práctico, el diseño de su disipador Ventus 2X y su avanzada gestión energética marcan la diferencia en el uso prolongado. Su formato compacto de doble ventilador asegura una compatibilidad casi universal con cualquier chasis del mercado, mientras que el sistema térmico mantiene las frecuencias altas de fábrica de forma sumamente fresca y silenciosa, evitando de raíz que el ruido estropee la inmersión de tus partidas. Tampoco podemos pasar por alto el enorme salto en eficiencia que supone esta generación, logrando un rendimiento soberbio con un consumo eléctrico tan contenido que no te obligará a cambiar de fuente de alimentación. Es una pieza sumamente robusta, rematada con una placa trasera de refuerzo que previene dobleces y un flujo de aire optimizado, consolidándose como una herramienta técnica impecable diseñada minuciosamente para durar.', 'https://www.pccomponentes.com/tarjeta-grafica-msi-geforce-rtx-5060-ti-ventus-2x-oc-plus-8gb-gddr7-reflex-2-rtx-ai-dlss4', 322.90, 5, 6, 'Mejor calidad-precio'),
(27, 'Apple iPhone 15', 'Evaluación de la relación calidad-precio:\r\nLa verdad es que adentrarse en el universo de la manzana mordida siempre despierta un debate intenso sobre el valor real de cada euro invertido, pero este modelo en concreto rompe con muchos prejuicios del pasado. Ofrecer tecnologías que antes estaban reservadas exclusivamente a las variantes más costosas transmite una gran confianza a cualquier comprador, transformando lo que podría parecer un capricho en una adquisición sumamente madura. Y es que este teléfono se comporta como ese fondo de armario de alta calidad: no necesita llamar la atención con estridencias estéticas, pero sabes con absoluta certeza que responderá con una solvencia impecable ante cualquier imprevisto de tu rutina. Al fin y al cabo, adquirir un terminal que retiene su valor de reventa de forma tan sobresaliente y garantiza años de soporte técnico es el equivalente a realizar una compra inteligente. Representa una inversión formidable para quienes valoran el esfuerzo económico y exigen una herramienta diaria que envejezca con una dignidad indiscutible.\r\n\r\nCaracterísticas técnicas del dispositivo:\r\nEste smartphone destaca por integrar el solvente chip A16 Bionic y la renovada Dynamic Island en una pantalla OLED Super Retina XDR de 6.1 pulgadas, abandonando definitivamente el clásico \"notch\". Su impacto real en el día a día es inmediato. La navegación por la interfaz se percibe eléctrica, las alertas del sistema interactúan de forma sumamente orgánica con tus aplicaciones activas y la visibilidad bajo el sol es simplemente espectacular. Por si fuera poco, su renovado sensor principal de 48 megapíxeles realiza un trabajo soberbio, logrando capturas con una nitidez y un nivel de detalle que juegan directamente en la liga profesional, todo ello sin que el usuario tenga que complicarse con ajustes manuales.\r\n\r\nEn el terreno del rendimiento práctico, la transición hacia el puerto USB-C y la optimización energética marcan la diferencia en el uso prolongado. Su batería estira la jornada de uso intensivo con una solidez impecable, permitiéndote compaginar la productividad y el ocio sin tener que mirar de reojo el porcentaje restante. Tampoco podemos pasar por alto detalles de ingeniería tan determinantes como la trasera de vidrio tintado en masa con un tacto mate aterciopelado sumamente agradable, o su contrastada resistencia al agua IP68. Es una pieza robusta y pulida al milímetro que se consolida como un ecosistema portátil fiable, diseñado minuciosamente para durar.', 'https://www.mediamarkt.es/es/product/_apple-iphone-15-negro-128-gb-5g-61-oled-super-retina-xdr-chip-a16-bionic-ios-1561320.html', 679.00, 1, 2, 'Muy recomendado'),
(28, 'Auriculares Logitech G321', 'Evaluación de la relación calidad-precio:\r\nLa verdad es que adentrarse en el catálogo de periféricos de audio inalámbricos puede ser un terreno pantanoso, pero encontrarse con una propuesta tan equilibrada transmite una gran confianza desde el primer minuto. Ofrecer la contrastada tecnología de conectividad sin cables de la marca junto a la versatilidad del Bluetooth sin disparar el presupuesto demuestra un respeto profundo por el esfuerzo económico del usuario. Y es que estos auriculares se comportan como ese calzado deportivo de diario de alta calidad: te los pones por la mañana para trabajar, juegas con ellos por la tarde y te olvidas por completo de que los llevas puestos gracias a una comodidad soberbia. Al fin y al cabo, adquirir una herramienta tan polivalente que elimina los molestos cables de tu escritorio sin sacrificar un ápice de velocidad de respuesta es el sinónimo perfecto de una compra inteligente. Representa un valor seguro y una inversión muy madura en confort.\r\n\r\nCaracterísticas técnicas del dispositivo:\r\nEste periférico destaca por integrar la aclamada conectividad inalámbrica Lightspeed de ultrabaja latencia junto a una conexión Bluetooth secundaria, todo ello articulado a través de transductores optimizados para el entorno gaming. Su impacto real en el día a día es inmediato. El audio de tus videojuegos y contenidos multimedia se percibe con una nitidez espectacular, los pasos de los enemigos o los matices de una conversación se ejecutan con una solidez impecable y la ausencia de retraso sonoro te sumerge por completo en la acción sin que experimentes los molestos cortes de los sistemas inalámbricos convencionales. Por si fuera poco, su compatibilidad multiplataforma te permite saltar entre el PC, la consola PlayStation o tu teléfono móvil en un abrir y cerrar de ojos, simplificando tu entorno digital de manera drástica.\r\n\r\nEn el terreno del rendimiento práctico, la ligereza de su chasis y la gestión energética marcan una diferencia abismal durante las sesiones maratonianas frente a la pantalla. Sus almohadillas de tela técnica suave y transpirable evitan la acumulación de calor en las orejas, un salvavidas invisible para los meses de verano o las jornadas de uso prolongado. Tampoco podemos pasar por alto la generosa autonomía de su batería, que estira las horas de uso con una solvencia brutal para que puedas encadenar días de teletrabajo y ocio sin vivir pegado al cable de carga. Es una pieza sumamente robusta, rematada con un micrófono integrado que captura la voz de forma limpia y nítida, consolidándose como un ecosistema sonoro impecable diseñado minuciosamente para durar.', 'https://www.pccomponentes.com/auriculares-logitech-g321-lightspeed-inalambricos-bluetooth-para-gaming-pc-ps4-ps5-switch-negros', 49.99, 7, 12, ''),
(29, 'Torre PC MSI MAG Forge 100M', 'Evaluación de la relación calidad-precio:\r\nLa verdad es que nos encontramos ante uno de esos componentes que a menudo se pasan por alto en los presupuestos, pero que sostienen literalmente todo el ecosistema de tu ordenador. Ofrecer un panel de cristal templado real y una gestión del flujo de aire tan estudiada por este costo de adquisición transmite una gran confianza a cualquier usuario, demostrando que no hace falta vaciar los bolsillos para tener una estética premium y segura. Y es que este chasis se comporta como los cimientos de una buena casa: discreto, robusto y preparado para proteger lo que hay en su interior sin importar las tormentas térmicas exteriores. Al fin y al cabo, adquirir una caja con esta capacidad de expansión por poco más de cincuenta y cinco euros es el equivalente a realizar una compra sumamente inteligente. Representa un valor redondo, ideal para quienes valoran el esfuerzo económico y exigen una estructura que albergue sus componentes con una dignidad indiscutible durante años.\r\n\r\nCaracterísticas técnicas del dispositivo:\r\nEste chasis destaca por integrar un frontal con rejilla de malla optimizada y dos ventiladores RGB de 120 mm preinstalados, trabajando en perfecta sintonía con un panel lateral de cristal templado de 4 mm de grosor. Su impacto real en el día a día es inmediato. El flujo de aire fresco hacia los componentes críticos es constante, el polvo se mantiene a raya gracias a sus filtros magnéticos y la iluminación interior baña el escritorio con una viveza espectacular sin resultar estridente. Por si fuera poco, su espacio interno está tan bien aprovechado que permite montar placas base ATX estándar y tarjetas gráficas de gran tamaño con una solidez impecable, haciendo que el proceso de montaje inicial sea una experiencia cómoda y libre de frustraciones.\r\n\r\nEn el terreno del rendimiento práctico, la organización del cableado y las opciones de conectividad superior marcan una diferencia abismal en el uso prolongado. Disponer de puertos USB 3.2 de alta velocidad en el panel frontal es un salvavidas diario para transferir archivos en un suspiro, mientras que el espacio dedicado detrás de la placa base permite esconder los cables de forma eficiente para maximizar la ventilación. Tampoco podemos pasar por alto la inclusión de un concentrador de control RGB de 1 a 6 canales, un detalle técnico soberbio que simplifica la personalización de las luces con solo pulsar un botón en el chasis, consolidándose como una herramienta robusta y silenciosa diseñada minuciosamente para perdurar.', 'https://www.pccomponentes.com/msi-mag-forge-100m-cristal-templado-usb-32-rgb-negra', 49.99, 5, 10, 'Mejor calidad-precio'),
(30, 'Portátil HP 15-fd0278ns', 'Evaluación de la relación calidad-precio:\r\nLa verdad es que nos encontramos ante uno de esos portátiles que, sin necesidad de fuegos artificiales ni estridencias estéticas, se convierten en el aliado definitivo del día a día. Ofrecer una configuración tan equilibrada por este costo de adquisición transmite una gran confianza a cualquier comprador, demostrando que HP ha sabido recortar en lo superficial para dar el máximo en lo que verdaderamente importa. Y es que este equipo se comporta como ese coche utilitario de buena marca: es silencioso, consume lo justo y sabes con absoluta certeza que va a arrancar a la primera cada mañana, sin importar la carga de trabajo que le eches encima. Al fin y al cabo, obtener un procesador solvente y una cantidad de memoria idónea por menos de quinientos cincuenta euros es el sinónimo perfecto de una compra inteligente. Representa una inversión impecable para quienes valoran el esfuerzo económico y buscan una herramienta fiable que rinda con una solidez impecable año tras año.\r\n\r\nCaracterísticas técnicas del dispositivo:\r\nEste portátil destaca por integrar un procesador Intel Core i5-1334U de arquitectura híbrida, una pieza que trabaja en perfecta sintonía con una pantalla de 15.6 pulgadas con resolución Full HD y un elegante acabado en color plata. Su impacto real en el día a día es inmediato. Las transiciones entre aplicaciones de oficina se perciben eléctricas, el encendido del sistema se ejecuta en un abrir y cerrar de ojos y la navegación por la web con múltiples pestañas abiertas resulta sumamente fluida. Por si fuera poco, sus generosos 16 GB de memoria RAM garantizan que el equipo no experimente el más mínimo titubeo ni asfixia cuando decides compaginar la productividad laboral con tus momentos de ocio o reproducción de contenido multimedia.\r\n\r\nEn el terreno del rendimiento práctico, la combinación de su almacenamiento SSD NVMe de 512 GB y su cuidada ligereza marcan una diferencia abismal cuando te toca trabajar en movilidad. El teclado cuenta con un tacto cómodo y preciso, ideal para redactar textos largos sin fatiga, mientras que la inclusión de Windows 11 Home de fábrica asegura una experiencia de uso directa desde el primer minuto, libre de complicaciones técnicas. Tampoco podemos pasar por alto la eficiencia de su batería, un salvavidas diario que estira la autonomía con una solidez impecable para soportar tus jornadas de estudio o reuniones fuera de casa, consolidándose como un ecosistema portátil robusto y equilibrado diseñado minuciosamente para durar.', 'https://www.pccomponentes.com/portatil-hp-15-fd0278ns-156-intel-core-i5-1334u-16gb-ram-512gb-ssd-fhd-plata-windows-11', 599.00, 2, 5, 'Muy recomendado'),
(33, 'Monitor Gigabyte GS25F14', 'Evaluación de la relación calidad-precio:\r\nLa verdad es que nos encontramos ante una de esas elecciones reconfortantes dentro del saturado mercado de monitores, donde la funcionalidad inteligente se impone a los excesos del marketing. Ofrecer un panel IPS de alta velocidad por este costo de adquisición transmite una gran confianza a cualquier usuario, demostrando que no hace falta vaciar los bolsillos para construir una base sólida sobre el escritorio. Y es que este monitor se comporta como ese utilitario deportivo de diario: compacto, sumamente ágil y diseñado para responder con una solidez impecable en cuanto decides pisar el acelerador en tus partidas. Al fin y al cabo, adquirir una ventana digital con este nivel de fluidez por poco más de ciento veinticinco euros redefine por completo el concepto de compra inteligente. Representa un equilibrio formidable, ideal para quienes valoran el esfuerzo económico y exigen que cada euro invertido se traduzca en una respuesta inmediata frente a la pantalla.\r\n\r\nCaracterísticas técnicas del dispositivo:\r\nEste periférico destaca por integrar un panel con tecnología IPS de 24.5 pulgadas con resolución Full HD, alcanzando una tasa de refresco nativa de 144 Hz. Su impacto real en el día a día es inmediato. Las transiciones por la interfaz del sistema operativo se perciben fluidas como la seda, el texto al leer o estudiar se muestra con una nitidez impecable y los ángulos de visión garantizan que los colores no se laven ni pierdan un ápice de su viveza natural aunque cambies de postura. Por si fuera poco, su diagonal contenida es perfecta para escritorios de tamaño medio, ofreciendo una densidad de píxeles muy equilibrada que evita la fatiga visual tras jornadas intensas de trabajo o juego.\r\n\r\nEn el terreno del rendimiento práctico, su fulminante tiempo de respuesta de tan solo 1 ms (MPRT) y el soporte para HDR10 marcan la diferencia en el uso prolongado. Disponer de la tecnología FreeSync es un auténtico salvavidas técnico, ya que coordina de forma milimétrica los fotogramas de tu tarjeta gráfica con la pantalla, eliminando por completo los molestos tirones de imagen en mitad de la acción. Tampoco podemos pasar por alto la inclusión de los sistemas Flicker-Free y Low Blue Light para la protección de la vista, unos detalles de ingeniería silenciosos pero determinantes que cuidan tu salud ocular, consolidándose como una herramienta robusta pensada minuciosamente para durar.', 'https://www.pccomponentes.com/monitor-gigabyte-gs25f14-245-fullhd-144hz-ips-1ms-hdr10-freesync', 79.00, 6, 11, 'Chollo');

-- --------------------------------------------------------

--
-- Estructura de tabla para la tabla `roles`
--

CREATE TABLE `roles` (
  `id_rol` int(11) NOT NULL,
  `nombre_rol` varchar(50) NOT NULL
) ENGINE=InnoDB DEFAULT CHARSET=utf8mb4 COLLATE=utf8mb4_general_ci;

--
-- Volcado de datos para la tabla `roles`
--

INSERT INTO `roles` (`id_rol`, `nombre_rol`) VALUES
(1, 'Administrador'),
(2, 'Empleado'),
(3, 'Usuario');

-- --------------------------------------------------------

--
-- Estructura de tabla para la tabla `usuarios`
--

CREATE TABLE `usuarios` (
  `id_usuario` int(11) NOT NULL,
  `nombre` varchar(100) NOT NULL,
  `correo` varchar(100) NOT NULL,
  `passw` varchar(255) NOT NULL,
  `id_rol` int(11) NOT NULL
) ENGINE=InnoDB DEFAULT CHARSET=utf8mb4 COLLATE=utf8mb4_general_ci;

--
-- Volcado de datos para la tabla `usuarios`
--

INSERT INTO `usuarios` (`id_usuario`, `nombre`, `correo`, `passw`, `id_rol`) VALUES
(9, 'Administrador', 'admin@calidad-precio.com', '$2y$10$H4Kq2UXgC3YlqgWIwnPk/eeUo6Vy1C9z3I2I7Y4wok9J.fzMZ2P7m', 1),
(16, 'Empleado', 'empleado@calidad-precio.com', '$2y$10$GGXXhaG1w.ZWFrTGRB0MCuAhJay5MoHs4tkBjZKPhb7rMovwVYBbq', 2),
(17, 'Usuario', 'usuario@calidad-precio.com', '$2y$10$JSUYirPNqaXWzfyb79FuAeY6LdhZGhHRsR/bT2xKDfQMJOfRsTa6m', 3);

--
-- Índices para tablas volcadas
--

--
-- Indices de la tabla `categorias`
--
ALTER TABLE `categorias`
  ADD PRIMARY KEY (`id_categoria`);

--
-- Indices de la tabla `favoritos`
--
ALTER TABLE `favoritos`
  ADD PRIMARY KEY (`id_usuario`,`id_producto`),
  ADD KEY `id_producto` (`id_producto`);

--
-- Indices de la tabla `marcas`
--
ALTER TABLE `marcas`
  ADD PRIMARY KEY (`id_marca`);

--
-- Indices de la tabla `productos`
--
ALTER TABLE `productos`
  ADD PRIMARY KEY (`id_producto`),
  ADD KEY `id_categoria` (`id_categoria`),
  ADD KEY `id_marca` (`id_marca`);

--
-- Indices de la tabla `roles`
--
ALTER TABLE `roles`
  ADD PRIMARY KEY (`id_rol`);

--
-- Indices de la tabla `usuarios`
--
ALTER TABLE `usuarios`
  ADD PRIMARY KEY (`id_usuario`),
  ADD UNIQUE KEY `correo` (`correo`),
  ADD KEY `id_rol` (`id_rol`);

--
-- AUTO_INCREMENT de las tablas volcadas
--

--
-- AUTO_INCREMENT de la tabla `categorias`
--
ALTER TABLE `categorias`
  MODIFY `id_categoria` int(11) NOT NULL AUTO_INCREMENT, AUTO_INCREMENT=8;

--
-- AUTO_INCREMENT de la tabla `marcas`
--
ALTER TABLE `marcas`
  MODIFY `id_marca` int(11) NOT NULL AUTO_INCREMENT, AUTO_INCREMENT=15;

--
-- AUTO_INCREMENT de la tabla `productos`
--
ALTER TABLE `productos`
  MODIFY `id_producto` int(11) NOT NULL AUTO_INCREMENT, AUTO_INCREMENT=34;

--
-- AUTO_INCREMENT de la tabla `roles`
--
ALTER TABLE `roles`
  MODIFY `id_rol` int(11) NOT NULL AUTO_INCREMENT, AUTO_INCREMENT=7;

--
-- AUTO_INCREMENT de la tabla `usuarios`
--
ALTER TABLE `usuarios`
  MODIFY `id_usuario` int(11) NOT NULL AUTO_INCREMENT, AUTO_INCREMENT=18;

--
-- Restricciones para tablas volcadas
--

--
-- Filtros para la tabla `favoritos`
--
ALTER TABLE `favoritos`
  ADD CONSTRAINT `favoritos_ibfk_1` FOREIGN KEY (`id_usuario`) REFERENCES `usuarios` (`id_usuario`) ON DELETE CASCADE,
  ADD CONSTRAINT `favoritos_ibfk_2` FOREIGN KEY (`id_producto`) REFERENCES `productos` (`id_producto`) ON DELETE CASCADE;

--
-- Filtros para la tabla `productos`
--
ALTER TABLE `productos`
  ADD CONSTRAINT `productos_ibfk_1` FOREIGN KEY (`id_categoria`) REFERENCES `categorias` (`id_categoria`),
  ADD CONSTRAINT `productos_ibfk_2` FOREIGN KEY (`id_marca`) REFERENCES `marcas` (`id_marca`);

--
-- Filtros para la tabla `usuarios`
--
ALTER TABLE `usuarios`
  ADD CONSTRAINT `usuarios_ibfk_1` FOREIGN KEY (`id_rol`) REFERENCES `roles` (`id_rol`);
COMMIT;

/*!40101 SET CHARACTER_SET_CLIENT=@OLD_CHARACTER_SET_CLIENT */;
/*!40101 SET CHARACTER_SET_RESULTS=@OLD_CHARACTER_SET_RESULTS */;
/*!40101 SET COLLATION_CONNECTION=@OLD_COLLATION_CONNECTION */;
